{"epoch": 10, "Train loss": 0.007446546107530594, "Train acc": 99.39453125, "_timestamp": 1681827675.0185874, "_runtime": 750.8284454345703, "_step": 39, "Valid loss": 0.10520418733358383, "Valid acc": 95.14508928571429, "Valid fig": {"_type": "image-file", "sha256": "b7e67f46db273299c4dd8cea66f658fbe6c6397983d902f1f12862fbe9e6b669", "size": 1063764, "path": "media/images/Valid fig_39_b7e67f46db273299c4dd.png", "format": "png", "width": 1200, "height": 2000}, "_wandb": {"runtime": 750}}