{"Train_Loss": 0.5431428834795952, "Train_Accuracy": 0.8203125, "_timestamp": 1681547473.181097, "_runtime": 1594.6623210906982, "_step": 599, "[Val] acc": 0.6362433862433863, "loss": 0.5850193699200948, "gradients/module.fc.bias": {"_type": "histogram", "values": [1.0, 0.0, 0.0, 0.0, 0.0, 0.0, 1.0, 0.0, 0.0, 1.0, 1.0, 0.0, 0.0, 0.0, 0.0, 0.0, 0.0, 0.0, 0.0, 1.0, 2.0, 0.0, 0.0, 1.0, 0.0, 1.0, 2.0, 1.0, 0.0, 1.0, 1.0, 1.0, 0.0, 0.0, 0.0, 0.0, 0.0, 1.0, 1.0, 0.0, 0.0, 0.0, 0.0, 0.0, 0.0, 0.0, 0.0, 0.0, 0.0, 0.0, 0.0, 0.0, 0.0, 0.0, 0.0, 0.0, 0.0, 0.0, 0.0, 0.0, 0.0, 0.0, 0.0, 1.0], "bins": [-0.021947933360934258, -0.02106325700879097, -0.02017858251929283, -0.019293906167149544, -0.018409231677651405, -0.017524555325508118, -0.01663988083600998, -0.01575520448386669, -0.014870529063045979, -0.013985853642225266, -0.013101178221404552, -0.01221650280058384, -0.011331826448440552, -0.010447151958942413, -0.009562475606799126, -0.008677800185978413, -0.0077931247651577, -0.0069084493443369865, -0.0060237739235162735, -0.005139098037034273, -0.00425442261621356, -0.003369747195392847, -0.0024850713089108467, -0.0016003958880901337, -0.0007157204672694206, 0.00016895506996661425, 0.0010536306072026491, 0.0019383062608540058, 0.002822981681674719, 0.003707657102495432, 0.004592332988977432, 0.005477008409798145, 0.006361681967973709, 0.007246357388794422, 0.008131032809615135, 0.009015709161758423, 0.009900383651256561, 0.010785060003399849, 0.011669735424220562, 0.012554410845041275, 0.013439086265861988, 0.014323761686682701, 0.015208437107503414, 0.016093112528324127, 0.016977788880467415, 0.017862463369965553, 0.01874713972210884, 0.01963181421160698, 0.020516490563750267, 0.021401166915893555, 0.022285841405391693, 0.02317051775753498, 0.02405519224703312, 0.024939868599176407, 0.025824543088674545, 0.026709219440817833, 0.02759389579296112, 0.028478572145104408, 0.029363246634602547, 0.030247922986745834, 0.031132597476243973, 0.03201727196574211, 0.03290195018053055, 0.033786624670028687, 0.034671299159526825]}, "gradients/module.fc.weight": {"_type": "histogram", "values": [1.0, 0.0, 0.0, 1.0, 0.0, 0.0, 0.0, 0.0, 0.0, 1.0, 0.0, 1.0, 3.0, 0.0, 0.0, 4.0, 3.0, 3.0, 0.0, 5.0, 6.0, 4.0, 6.0, 6.0, 9.0, 14.0, 29.0, 37.0, 36.0, 40.0, 64.0, 88.0, 111.0, 125.0, 155.0, 913.0, 218.0, 142.0, 87.0, 36.0, 16.0, 16.0, 15.0, 14.0, 8.0, 9.0, 9.0, 14.0, 9.0, 10.0, 7.0, 7.0, 7.0, 0.0, 4.0, 2.0, 3.0, 1.0, 1.0, 1.0, 0.0, 2.0, 0.0, 1.0], "bins": [-0.1945583075284958, -0.1890101581811905, -0.1834620237350464, -0.1779138743877411, -0.1723657250404358, -0.1668175756931305, -0.1612694263458252, -0.1557212918996811, -0.1501731425523758, -0.1446249932050705, -0.1390768587589264, -0.1335287094116211, -0.1279805600643158, -0.1224324107170105, -0.1168842688202858, -0.1113361269235611, -0.1057879775762558, -0.1002398282289505, -0.0946916863322258, -0.0891435444355011, -0.0835953950881958, -0.0780472457408905, -0.0724991038441658, -0.0669509619474411, -0.0614028126001358, -0.055854666978120804, -0.050306521356105804, -0.044758375734090805, -0.039210230112075806, -0.033662084490060806, -0.028113938868045807, -0.022565793246030807, -0.017017632722854614, -0.011469487100839615, -0.0059213414788246155, -0.0003731958568096161, 0.005174949765205383, 0.010723095387220383, 0.016271241009235382, 0.02181938663125038, 0.02736753225326538, 0.03291567787528038, 0.03846382349729538, 0.04401196911931038, 0.04956011474132538, 0.05510826036334038, 0.06065640598535538, 0.06620454788208008, 0.07175269722938538, 0.07730084657669067, 0.08284898847341537, 0.08839713037014008, 0.09394527971744537, 0.09949342906475067, 0.10504157096147537, 0.11058971285820007, 0.11613786220550537, 0.12168601155281067, 0.12723416090011597, 0.13278229534626007, 0.13833044469356537, 0.14387859404087067, 0.14942672848701477, 0.15497487783432007, 0.16052302718162537]}, "gradients/module.conv3.bias": {"_type": "histogram", "values": [1.0, 0.0, 0.0, 0.0, 0.0, 0.0, 0.0, 0.0, 0.0, 0.0, 0.0, 0.0, 0.0, 0.0, 0.0, 0.0, 0.0, 0.0, 0.0, 1.0, 0.0, 1.0, 2.0, 1.0, 2.0, 1.0, 1.0, 4.0, 5.0, 5.0, 4.0, 8.0, 6.0, 3.0, 6.0, 6.0, 8.0, 21.0, 2.0, 5.0, 0.0, 2.0, 7.0, 1.0, 3.0, 3.0, 3.0, 1.0, 1.0, 2.0, 0.0, 1.0, 3.0, 1.0, 1.0, 2.0, 0.0, 2.0, 0.0, 0.0, 1.0, 0.0, 0.0, 1.0], "bins": [-0.009672398678958416, -0.009412677027285099, -0.009152954444289207, -0.00889323279261589, -0.008633511140942574, -0.008373788557946682, -0.008114066906273365, -0.007854344323277473, -0.0075946226716041565, -0.007334900554269552, -0.007075178436934948, -0.006815456785261631, -0.006555734667927027, -0.0062960125505924225, -0.0060362908989191055, -0.005776568781584501, -0.005516846664249897, -0.005257124546915293, -0.0049974024295806885, -0.0047376807779073715, -0.004477958660572767, -0.004218236543238163, -0.003958514891564846, -0.0036987927742302418, -0.0034390706568956375, -0.0031793485395610332, -0.0029196266550570726, -0.002659904770553112, -0.0024001826532185078, -0.0021404605358839035, -0.001880738651379943, -0.0016210166504606605, -0.0013612955808639526, -0.0011015735799446702, -0.0008418515790253878, -0.0005821295781061053, -0.0003224075771868229, -6.268557626754045e-05, 0.00019703642465174198, 0.0004567584255710244, 0.0007164804264903069, 0.0009762024274095893, 0.0012359244283288717, 0.0014956464292481542, 0.0017553684301674366, 0.002015090547502041, 0.0022748124320060015, 0.002534534316509962, 0.0027942564338445663, 0.0030539785511791706, 0.0033137004356831312, 0.003573422320187092, 0.003833144437521696, 0.0040928665548563, 0.004352588206529617, 0.004612310323864222, 0.004872032441198826, 0.00513175455853343, 0.005391476675868034, 0.005651198327541351, 0.005910920444875956, 0.00617064256221056, 0.006430364213883877, 0.006690086331218481, 0.006949808448553085]}, "gradients/module.conv3.weight": {"_type": "histogram", "values": [5.0, 4.0, 2.0, 3.0, 8.0, 5.0, 11.0, 7.0, 9.0, 16.0, 19.0, 22.0, 41.0, 30.0, 44.0, 64.0, 87.0, 140.0, 154.0, 170.0, 222.0, 319.0, 466.0, 659.0, 977.0, 1398.0, 2139.0, 3388.0, 5995.0, 42149.0, 5583.0, 3183.0, 1782.0, 1228.0, 938.0, 586.0, 388.0, 269.0, 229.0, 163.0, 153.0, 125.0, 95.0, 60.0, 58.0, 55.0, 30.0, 38.0, 26.0, 23.0, 29.0, 20.0, 12.0, 25.0, 16.0, 12.0, 11.0, 8.0, 11.0, 4.0, 6.0, 2.0, 2.0, 5.0], "bins": [-0.030584996566176414, -0.029549146071076393, -0.028513295575976372, -0.02747744508087635, -0.02644159458577633, -0.025405744090676308, -0.024369893595576286, -0.023334043100476265, -0.022298192605376244, -0.021262342110276222, -0.0202264916151762, -0.01919064112007618, -0.018154790624976158, -0.017118940129876137, -0.016083089634776115, -0.015047239139676094, -0.014011388644576073, -0.012975538149476051, -0.01193968765437603, -0.010903837159276009, -0.009867986664175987, -0.008832136169075966, -0.0077962856739759445, -0.006760435178875923, -0.005724584683775902, -0.00468873418867588, -0.003652883693575859, -0.0026170331984758377, -0.0015811827033758163, -0.000545332208275795, 0.0004905182868242264, 0.0015263687819242477, 0.00256221741437912, 0.0035980679094791412, 0.004633918404579163, 0.005669768899679184, 0.006705619394779205, 0.007741469889879227, 0.008777320384979248, 0.00981317088007927, 0.01084902137517929, 0.011884871870279312, 0.012920722365379333, 0.013956572860479355, 0.014992423355579376, 0.016028273850679398, 0.01706412434577942, 0.01809997484087944, 0.01913582533597946, 0.020171675831079483, 0.021207526326179504, 0.022243376821279526, 0.023279227316379547, 0.02431507781147957, 0.02535092830657959, 0.02638677880167961, 0.027422629296779633, 0.028458479791879654, 0.029494330286979675, 0.030530180782079697, 0.03156603127717972, 0.03260188177227974, 0.03363773226737976, 0.03467358276247978, 0.0357094332575798]}, "gradients/module.conv2.bias": {"_type": "histogram",