{"epoch": 0, "Train loss": 2.189626932144165, "Train acc": 20.64453125, "_timestamp": 1681828317.4019344, "_runtime": 71.23454928398132, "_step": 2, "_wandb": {"runtime": 81}}