{"epoch": 0, "Train loss": 3.5248382091522217, "Train acc": 5.078125, "_timestamp": 1681805751.8359725, "_runtime": 7.3113014698028564, "_step": 0}