{"epoch": 10, "Train loss": 0.020623819902539253, "Train acc": 99.39453125, "_timestamp": 1681804625.8807192, "_runtime": 522.13232421875, "_step": 39, "Valid loss": 0.1318548172712326, "Valid acc": 95.25669642857143, "Valid fig": {"_type": "image-file", "sha256": "20cbc9a4e409068badf50b135c41a25dabebbcfdafaa9b2bc4898eca3af4abba", "size": 1072383, "path": "media/images/Valid fig_39_20cbc9a4e409068badf5.png", "format": "png", "width": 1200, "height": 2000}, "_wandb": {"runtime": 521}}