{"epoch": 25, "Train loss": 0.0001076809930964373, "Train acc": 100.0, "_timestamp": 1681812753.2013278, "_runtime": 1303.869571685791, "_step": 99, "Valid loss": 0.18158012628555298, "Valid acc": 96.73549107142857, "Valid fig": {"_type": "image-file", "sha256": "747fda1f993be3ced231529e89aff630fe164e490956587c338c6b364ce60ade", "size": 1083707, "path": "media/images/Valid fig_99_747fda1f993be3ced231.png", "format": "png", "width": 1200, "height": 2000}, "_wandb": {"runtime": 1303}}