{"epoch": 10, "Train loss": 0.00539778545498848, "Train acc": 99.70703125, "_timestamp": 1681807790.368048, "_runtime": 671.9242148399353, "_step": 39, "Valid loss": 0.13563291728496552, "Valid acc": 96.79129464285714, "Valid fig": {"_type": "image-file", "sha256": "fbaa9c6015e56142725504213ad5dda0d72d45b6e9bad3b64aa5cd3a4337a628", "size": 1071960, "path": "media/images/Valid fig_39_fbaa9c6015e561427255.png", "format": "png", "width": 1200, "height": 2000}, "_wandb": {"runtime": 671}}