{"epoch": 25, "Train loss": 6.932410906301811e-05, "Train acc": 100.0, "_timestamp": 1681819891.3745246, "_runtime": 1301.9116866588593, "_step": 99, "Valid loss": 0.1924150586128235, "Valid acc": 97.8515625, "Valid fig": {"_type": "image-file", "sha256": "33f751e63dc4c430e9ae7a5923f63264f752c212da628d5d7a99b8a8bcf4958d", "size": 1083039, "path": "media/images/Valid fig_99_33f751e63dc4c430e9ae.png", "format": "png", "width": 1200, "height": 2000}, "_wandb": {"runtime": 1301}}