{"epoch": 10, "Train loss": 0.029726264998316765, "Train acc": 99.43359375, "_timestamp": 1681806668.4561722, "_runtime": 936.001293182373, "_step": 39, "Valid loss": 0.22271761298179626, "Valid acc": 94.36383928571429, "Valid fig": {"_type": "image-file", "sha256": "2fd3d6e685e4bf343abca444ae9759018dc10338fb77a4eb68c896597913cdee", "size": 1072397, "path": "media/images/Valid fig_39_2fd3d6e685e4bf343abc.png", "format": "png", "width": 1200, "height": 2000}, "_wandb": {"runtime": 935}}