{"Train_Loss": 0.5914897128939629, "Train_Accuracy": 0.79609375, "_timestamp": 1681551691.9010177, "_runtime": 1465.9165306091309, "_step": 599, "[Val] acc": 0.5637566137566138, "loss": 0.8912107348442078, "gradients/module.fc.bias": {"_type": "histogram", "values": [1.0, 0.0, 0.0, 0.0, 0.0, 1.0, 0.0, 0.0, 0.0, 0.0, 0.0, 0.0, 0.0, 0.0, 0.0, 1.0, 0.0, 0.0, 0.0, 0.0, 0.0, 0.0, 0.0, 0.0, 0.0, 2.0, 0.0, 0.0, 0.0, 0.0, 2.0, 0.0, 0.0, 0.0, 1.0, 1.0, 2.0, 0.0, 0.0, 1.0, 1.0, 1.0, 0.0, 0.0, 0.0, 0.0, 0.0, 1.0, 0.0, 0.0, 0.0, 0.0, 0.0, 1.0, 1.0, 0.0, 0.0, 0.0, 0.0, 0.0, 0.0, 0.0, 0.0, 1.0], "bins": [-0.028591826558113098, -0.027756385505199432, -0.026920942589640617, -0.02608550153672695, -0.025250060483813286, -0.02441461756825447, -0.023579176515340805, -0.02274373546242714, -0.021908294409513474, -0.021072853356599808, -0.020237410441040993, -0.019401969388127327, -0.01856652833521366, -0.017731085419654846, -0.01689564436674118, -0.016060203313827515, -0.0152247603982687, -0.01438931841403246, -0.013553877361118793, -0.012718435376882553, -0.011882994323968887, -0.011047552339732647, -0.010212110355496407, -0.00937666930258274, -0.0085412273183465, -0.007705785799771547, -0.006870344281196594, -0.006034902296960354, -0.005199460778385401, -0.004364019259810448, -0.0035285772755742073, -0.0026931357569992542, -0.0018576961010694504, -0.0010222544660791755, -0.00018681283108890057, 0.0006486289203166962, 0.0014840704388916492, 0.0023195119574666023, 0.0031549539417028427, 0.003990395460277796, 0.004825836978852749, 0.005661278497427702, 0.006496720016002655, 0.007332162000238895, 0.008167603984475136, 0.009003045037388802, 0.009838487021625042, 0.010673929005861282, 0.011509370058774948, 0.012344812043011189, 0.013180253095924854, 0.014015695080161095, 0.01485113613307476, 0.015686579048633575, 0.01652202010154724, 0.017357461154460907, 0.018192902207374573, 0.01902834326028824, 0.019863786175847054, 0.02069922722876072, 0.021534668281674385, 0.0223701111972332, 0.023205552250146866, 0.02404099330306053, 0.024876436218619347]}, "gradients/module.fc.weight": {"_type": "histogram", "values": [1.0, 1.0, 0.0, 2.0, 2.0, 0.0, 2.0, 2.0, 3.0, 6.0, 2.0, 6.0, 11.0, 10.0, 7.0, 11.0, 30.0, 26.0, 30.0, 44.0, 52.0, 73.0, 77.0, 87.0, 122.0, 147.0, 186.0, 181.0, 188.0, 212.0, 249.0, 354.0, 539.0, 936.0, 2455.0, 766.0, 551.0, 386.0, 305.0, 223.0, 185.0, 140.0, 119.0, 91.0, 89.0, 60.0, 59.0, 43.0, 34.0, 19.0, 18.0, 18.0, 17.0, 14.0, 6.0, 4.0, 8.0, 4.0, 1.0, 1.0, 0.0, 0.0, 0.0, 1.0], "bins": [-0.11687250435352325, -0.11343450099229813, -0.1099965050816536, -0.10655850172042847, -0.10312049835920334, -0.09968249499797821, -0.09624449908733368, -0.09280649572610855, -0.08936849236488342, -0.0859304890036583, -0.08249249309301376, -0.07905448973178864, -0.07561648637056351, -0.07217848300933838, -0.06874048709869385, -0.06530248373746872, -0.06186448782682419, -0.05842648819088936, -0.05498848482966423, -0.0515504851937294, -0.04811248183250427, -0.04467448219656944, -0.04123648256063461, -0.037798479199409485, -0.034360479563474655, -0.030922478064894676, -0.027484476566314697, -0.024046476930379868, -0.02060847543179989, -0.01717047393321991, -0.01373247429728508, -0.010294472798705101, -0.006856471300125122, -0.0034184702672064304, 1.95307657122612e-05, 0.0034575313329696655, 0.0068955328315496445, 0.010333534330129623, 0.013771533966064453, 0.017209535464644432, 0.02064753696322441, 0.02408553846180439, 0.02752353996038437, 0.0309615395963192, 0.03439953923225403, 0.037837542593479156, 0.041275542229413986, 0.044713541865348816, 0.048151545226573944, 0.051589544862508774, 0.0550275482237339, 0.05846554785966873, 0.06190355122089386, 0.06534154713153839, 0.06877955049276352, 0.07221755385398865, 0.07565554976463318, 0.0790935531258583, 0.08253154903650284, 0.08596955239772797, 0.0894075557589531, 0.09284555912017822, 0.09628355503082275, 0.09972155839204788, 0.10315956175327301]}, "_wandb": {"runtime": 1465}}