{"epoch": 1, "Train loss": 0.40309852361679077, "Train acc": 87.01171875, "_timestamp": 1681721336.5549467, "_runtime": 83.23263955116272, "_step": 6, "Valid loss": 1.1543419361114502, "Valid acc": 71.76339285714286, "Valid fig": {"_type": "image-file", "sha256": "c7811cbf37ada6f2f1847bafdbc720a19b0ef8f530a8f12055d178377c891ef7", "size": 1086496, "path": "media/images/Valid fig_3_c7811cbf37ada6f2f184.png", "format": "png", "width": 1200, "height": 2000}, "_wandb": {"runtime": 86}}