{"Train_Loss": 0.49778018444776534, "Train_Accuracy": 0.83125, "_timestamp": 1681546772.8959544, "_runtime": 1784.1417303085327, "_step": 599, "[Val] acc": 0.6521164021164021, "loss": 0.5462539792060852, "gradients/module.fc.bias": {"_type": "histogram", "values": [1.0, 0.0, 0.0, 0.0, 0.0, 0.0, 0.0, 0.0, 0.0, 0.0, 0.0, 0.0, 0.0, 0.0, 0.0, 0.0, 0.0, 0.0, 0.0, 0.0, 0.0, 0.0, 0.0, 0.0, 0.0, 0.0, 0.0, 0.0, 0.0, 2.0, 0.0, 0.0, 0.0, 0.0, 1.0, 0.0, 1.0, 1.0, 0.0, 0.0, 2.0, 3.0, 1.0, 0.0, 2.0, 0.0, 0.0, 1.0, 1.0, 0.0, 0.0, 0.0, 1.0, 0.0, 0.0, 0.0, 0.0, 0.0, 0.0, 0.0, 0.0, 0.0, 0.0, 1.0], "bins": [-0.048049621284008026, -0.04684505984187126, -0.0456404983997345, -0.044435933232307434, -0.04323137179017067, -0.042026810348033905, -0.04082224518060684, -0.03961768373847008, -0.03841312229633331, -0.03720856085419655, -0.036003999412059784, -0.03479943424463272, -0.033594872802495956, -0.03239031136035919, -0.031185748055577278, -0.029981184750795364, -0.0287766233086586, -0.027572061866521835, -0.02636749856173992, -0.025162935256958008, -0.023958373814821243, -0.02275381237268448, -0.021549249067902565, -0.02034468576312065, -0.019140124320983887, -0.017935562878847122, -0.01673099957406521, -0.01552643720060587, -0.01432187482714653, -0.013117312453687191, -0.011912750080227852, -0.010708187706768513, -0.009503627195954323, -0.008299064822494984, -0.0070945024490356445, -0.005889940075576305, -0.004685377702116966, -0.003480815328657627, -0.002276252955198288, -0.0010716905817389488, 0.00013287179172039032, 0.0013374341651797295, 0.0025419965386390686, 0.0037465589120984077, 0.004951121285557747, 0.006155683659017086, 0.007360246032476425, 0.008564808405935764, 0.009769370779395103, 0.010973933152854443, 0.012178495526313782, 0.013383057899773121, 0.01458762027323246, 0.015792183578014374, 0.01699674502015114, 0.018201306462287903, 0.019405869767069817, 0.02061043307185173, 0.021814994513988495, 0.02301955595612526, 0.024224119260907173, 0.025428682565689087, 0.02663324400782585, 0.027837805449962616, 0.02904236875474453]}, "gradients/module.fc.weight": {"_type": "histogram", "values": [1.0, 1.0, 1.0, 0.0, 1.0, 0.0, 1.0, 0.0, 1.0, 1.0, 0.0, 1.0, 0.0, 0.0, 0.0, 2.0, 1.0, 0.0, 1.0, 2.0, 2.0, 3.0, 0.0, 6.0, 1.0, 5.0, 8.0, 6.0, 10.0, 10.0, 12.0, 13.0, 15.0, 17.0, 18.0, 18.0, 44.0, 42.0, 75.0, 112.0, 152.0, 887.0, 339.0, 115.0, 94.0, 81.0, 50.0, 28.0, 33.0, 21.0, 18.0, 13.0, 6.0, 8.0, 4.0, 4.0, 4.0, 2.0, 2.0, 0.0, 7.0, 0.0, 2.0, 3.0], "bins": [-0.32162195444107056, -0.31387194991111755, -0.30612197518348694, -0.29837197065353394, -0.2906219959259033, -0.2828719913959503, -0.2751220166683197, -0.2673720121383667, -0.2596220374107361, -0.2518720328807831, -0.24412205815315247, -0.23637206852436066, -0.22862207889556885, -0.22087208926677704, -0.21312209963798523, -0.20537209510803223, -0.19762210547924042, -0.1898721158504486, -0.1821221262216568, -0.174372136592865, -0.16662214696407318, -0.15887215733528137, -0.15112215280532837, -0.14337217807769775, -0.13562217354774475, -0.12787218391895294, -0.12012219429016113, -0.11237220466136932, -0.10462221503257751, -0.0968722254037857, -0.0891222283244133, -0.08137223869562149, -0.07362225651741028, -0.06587226688861847, -0.05812227725982666, -0.05037228390574455, -0.042622294276952744, -0.034872304648160934, -0.027122311294078827, -0.019372321665287018, -0.011622332036495209, -0.003872341476380825, 0.0038776490837335587, 0.011627640575170517, 0.019377630203962326, 0.027127619832754135, 0.03487761318683624, 0.04262760281562805, 0.05037759244441986, 0.05812758207321167, 0.06587757170200348, 0.07362756133079529, 0.0813775509595871, 0.0891275405883789, 0.09687753766775131, 0.10462752729654312, 0.11237751692533493, 0.12012750655412674, 0.12787750363349915, 0.13562749326229095, 0.14337748289108276, 0.15112747251987457, 0.15887746214866638, 0.1666274517774582, 0.17437744140625]}, "gradients/module.conv3.bias": {"_type": "histogram", "values": [3.0, 0.0, 2.0, 1.0, 1.0, 3.0, 0.0, 1.0, 0.0, 1.0, 2.0, 1.0, 1.0, 4.0, 2.0, 2.0, 4.0, 3.0, 3.0, 2.0, 2.0, 4.0, 3.0, 2.0, 30.0, 3.0, 7.0, 6.0, 3.0, 4.0, 3.0, 2.0, 4.0, 1.0, 2.0, 3.0, 0.0, 1.0, 0.0, 1.0, 2.0, 0.0, 3.0, 0.0, 1.0, 0.0, 0.0, 1.0, 0.0, 0.0, 0.0, 1.0, 0.0, 0.0, 0.0, 0.0, 1.0, 1.0, 0.0, 0.0, 0.0, 0.0, 0.0, 1.0], "bins": [-0.005811427719891071, -0.005577874835580587, -0.005344322416931391, -0.005110769532620907, -0.00487721711397171, -0.004643664229661226, -0.004410111345350742, -0.004176558926701546, -0.003943006042391062, -0.0037094533909112215, -0.0034759007394313812, -0.0032423478551208973, -0.003008795203641057, -0.0027752425521612167, -0.0025416899006813765, -0.002308137249201536, -0.002074584597721696, -0.0018410319462418556, -0.0016074791783466935, -0.0013739265268668532, -0.0011403737589716911, -0.0009068211074918509, -0.0006732684560120106, -0.00043971568811684847, -0.0002061630366370082, 2.7389658498577774e-05, 0.00026094235363416374, 0.0004944950342178345, 0.0007280477439053357, 0.0009616004535928369, 0.0011951531050726771, 0.0014287058729678392, 0.0016622585244476795, 0.0018958111759275198, 0.00212936382740736, 0.002362916711717844, 0.0025964693631976843, 0.0028300220146775246, 0.003063574666157365, 0.003297127317637205, 0.003530680201947689, 0.0037642328534275293, 0.00399778550490737, 0.0042313383892178535, 0.00446489080786705, 0.004698443692177534, 0.004931996576488018, 0.005165548995137215, 0.005399101413786411, 0.005632654298096895, 0.005866206716746092, 0.006099759601056576, 0.006333312019705772, 0.006566864904016256, 0.00680041778832674, 0.007033970206975937, 0.007267523091286421, 0.007501075975596905, 0.007734628394246101, 0.007968180812895298, 0.00820173416286707, 0.008435286581516266, 0.008668839000165462, 0.008902392350137234, 0.00913594476878643]}, "gradients/module.conv3.weight": {"_type": "histogram", "values": [1.0, 0.0, 1.0, 0.0, 0.0, 0.0, 1.0, 0.0, 1.0, 1.0, 1.0, 1.0, 2.0, 5.0, 3.0, 10.0, 14.0, 16.0, 26.0, 41.0, 54.0, 73.0, 94.0, 154.0, 203.0, 325.0, 547.0, 725.0, 1100.0, 1701.0, 3288.0, 6041.0, 34584.0, 12650.0, 5336.0, 2652.0, 1470.0, 864.0, 541.0, 349.0, 230.0, 144.0, 117.0, 100.0, 73.0, 51.0, 42.0, 22.0, 12.0, 13.0, 13.0, 9.0, 6.0, 7.0, 4.0, 2.0, 3.0, 0.0, 0.0, 1.0, 2.0, 0.0, 0.0, 2.0], "bins": [-0.07346335053443909, -0.07123257964849472, -0.06900181621313095, -0.06677104532718658, -0.06454027444124222, -0.06230950728058815, -0.06007874011993408, -0.057847969233989716, -0.05561720207333565, -0.05338643491268158, -0.05115566402673721, -0.048924896866083145, -0.04669412970542908, -0.04446335881948471, -0.04223259165883064, -0.040001824498176575, -0.03777105361223221, -0.03554028645157814, -0.033309515565633774, -0.031078748404979706, -0.02884797938168049, -0.02661721035838127, -0.024386443197727203, -0.022155674174427986, -0.01992490515112877, -0.01769413612782955, -0.015463368035852909, -0.013232599943876266, -0.01100183092057705, -0.008771061897277832, -0.006540293805301189, -0.004309525713324547, -0.0020787566900253296, 0.00015201186761260033, 0.0023827804252505302, 0.00461354898288846, 0.00684431754052639, 0.009075086563825607, 0.01130585465580225, 0.013536622747778893, 0.01576739177107811, 0.017998160794377327, 0.020228929817676544, 0.022459696978330612, 0.02469046600162983, 0.026921235024929047, 0.029152002185583115, 0.03138276934623718, 0.03361354023218155, 0.03584430739283562, 0.038075078278779984, 0.04030584543943405, 0.04253661632537842, 0.044767383486032486, 0.046998150646686554, 0.04922892153263092, 0.05145968869328499, 0.053690455853939056, 0.05592122673988342, 0.05815199390053749, 0.06038276106119156, 0.06261353194713593, 0.06484430283308029, 0.06707506626844406, 0.06930583715438843]}, "gradients/module.conv2.bias": {"_type": "histogram",