{"Train_Loss": 2.2876136302948, "Train_Accuracy": 0.2625, "_timestamp": 1681549379.5781534, "_runtime": 1373.4033703804016, "_step": 599, "[Val] acc": 0.20899470899470898, "loss": 2.3134711583455405, "gradients/module.fc.bias": {"_type": "histogram", "values": [1.0, 0.0, 0.0, 0.0, 0.0, 0.0, 0.0, 0.0, 0.0, 0.0, 0.0, 0.0, 0.0, 0.0, 0.0, 0.0, 0.0, 0.0, 0.0, 0.0, 0.0, 0.0, 0.0, 0.0, 0.0, 1.0, 0.0, 0.0, 0.0, 0.0, 0.0, 0.0, 0.0, 0.0, 0.0, 0.0, 0.0, 1.0, 1.0, 1.0, 0.0, 2.0, 0.0, 0.0, 0.0, 6.0, 0.0, 1.0, 0.0, 0.0, 0.0, 1.0, 0.0, 0.0, 0.0, 0.0, 0.0, 1.0, 1.0, 0.0, 0.0, 0.0, 0.0, 1.0], "bins": [-0.08597540855407715, -0.08397956937551498, -0.08198373764753342, -0.07998789846897125, -0.07799206674098969, -0.07599622756242752, -0.07400038838386536, -0.07200455665588379, -0.07000871747732162, -0.06801287829875946, -0.0660170465707779, -0.06402120739221573, -0.06202537193894386, -0.060029536485672, -0.05803369730710983, -0.05603786185383797, -0.0540420264005661, -0.052046190947294235, -0.05005035549402237, -0.048054516315460205, -0.04605868086218834, -0.04406284540891647, -0.04206700623035431, -0.04007117077708244, -0.03807533532381058, -0.03607949987053871, -0.034083664417266846, -0.03208782523870468, -0.030091989785432816, -0.02809615433216095, -0.026100317016243935, -0.02410447970032692, -0.022108636796474457, -0.02011280134320259, -0.018116964027285576, -0.01612112671136856, -0.014125291258096695, -0.012129454873502254, -0.010133618488907814, -0.008137782104313374, -0.006141945719718933, -0.004146109335124493, -0.002150272950530052, -0.00015443656593561172, 0.0018413998186588287, 0.003837236203253269, 0.00583307258784771, 0.00782890897244215, 0.00982474535703659, 0.011820581741631031, 0.013816418126225471, 0.015812255442142487, 0.017808090895414352, 0.019803926348686218, 0.021799763664603233, 0.02379560098052025, 0.025791436433792114, 0.02778727188706398, 0.029783109202980995, 0.03177894651889801, 0.033774781972169876, 0.03577061742544174, 0.037766456604003906, 0.03976229205727577, 0.04175812751054764]}, "gradients/module.fc.weight": {"_type": "histogram", "values": [1.0, 0.0, 0.0, 0.0, 0.0, 1.0, 0.0, 0.0, 0.0, 0.0, 0.0, 0.0, 2.0, 0.0, 2.0, 1.0, 0.0, 3.0, 1.0, 0.0, 1.0, 3.0, 1.0, 1.0, 0.0, 1.0, 2.0, 4.0, 2.0, 5.0, 2.0, 5.0, 2.0, 3.0, 6.0, 6.0, 9.0, 10.0, 6.0, 9.0, 11.0, 13.0, 15.0, 23.0, 34.0, 50.0, 93.0, 246.0, 1057.0, 292.0, 130.0, 90.0, 51.0, 32.0, 26.0, 11.0, 10.0, 12.0, 8.0, 4.0, 4.0, 1.0, 1.0, 1.0], "bins": [-0.20693591237068176, -0.20263080298900604, -0.19832567870616913, -0.1940205693244934, -0.1897154599428177, -0.18541033565998077, -0.18110522627830505, -0.17680011689662933, -0.17249499261379242, -0.1681898832321167, -0.16388475894927979, -0.15957964956760406, -0.15527454018592834, -0.15096941590309143, -0.1466643065214157, -0.14235919713974, -0.13805407285690308, -0.13374896347522736, -0.12944383919239044, -0.12513872981071472, -0.1208336129784584, -0.11652849614620209, -0.11222338676452637, -0.10791826993227005, -0.10361316800117493, -0.09930805116891861, -0.09500294178724289, -0.09069782495498657, -0.08639270812273026, -0.08208759129047394, -0.07778248190879822, -0.0734773650765419, -0.06917224079370499, -0.06486712396144867, -0.06056201085448265, -0.05625689774751663, -0.051951780915260315, -0.047646667808294296, -0.04334155470132828, -0.03903643786907196, -0.03473132476210594, -0.030426209792494774, -0.026121094822883606, -0.021815981715917587, -0.01751086674630642, -0.013205751776695251, -0.008900638669729233, -0.004595523700118065, -0.00029040873050689697, 0.004014705773442984, 0.008319820277392864, 0.012624934315681458, 0.016930049285292625, 0.021235164254903793, 0.025540277361869812, 0.02984539233148098, 0.03415050730109215, 0.038455620408058167, 0.042760737240314484, 0.0470658503472805, 0.05137096345424652, 0.05567608028650284, 0.05998119339346886, 0.06428630650043488, 0.06859142333269119]}, "gradients/module.conv3.bias": {"_type": "histogram", "values": [1.0, 0.0, 0.0, 0.0, 0.0, 0.0, 1.0, 0.0, 0.0, 1.0, 0.0, 1.0, 0.0, 2.0, 0.0, 1.0, 4.0, 2.0, 2.0, 1.0, 0.0, 6.0, 1.0, 5.0, 0.0, 1.0, 2.0, 2.0, 3.0, 6.0, 3.0, 3.0, 1.0, 2.0, 5.0, 5.0, 9.0, 10.0, 7.0, 8.0, 7.0, 2.0, 6.0, 1.0, 3.0, 2.0, 2.0, 1.0, 1.0, 1.0, 0.0, 1.0, 2.0, 0.0, 1.0, 1.0, 0.0, 0.0, 0.0, 0.0, 0.0, 1.0, 0.0, 1.0], "bins": [-0.016265807673335075, -0.01582747884094715, -0.015389149077236652, -0.014950819313526154, -0.01451249048113823, -0.01407416071742773, -0.013635830953717232, -0.013197502121329308, -0.012759172357618809, -0.01232084259390831, -0.011882513761520386, -0.011444183997809887, -0.011005854234099388, -0.010567525401711464, -0.010129195638000965, -0.009690865874290466, -0.009252537041902542, -0.008814207278192043, -0.008375878445804119, -0.00793754868209362, -0.007499219384044409, -0.007060890085995197, -0.0066225603222846985, -0.006184231024235487, -0.0057459017261862755, -0.005307572428137064, -0.0048692431300878525, -0.004430913366377354, -0.003992584068328142, -0.0035542547702789307, -0.0031159252393990755, -0.0026775957085192204, -0.0022392673417925835, -0.0018009379273280501, -0.0013626085128635168, -0.0009242790983989835, -0.00048594968393445015, -4.762038588523865e-05, 0.0003907091449946165, 0.0008290386758744717, 0.0012673679739236832, 0.0017056973883882165, 0.00214402680285275, 0.002582356333732605, 0.0030206856317818165, 0.003459014929831028, 0.003897344460710883, 0.004335673991590738, 0.00477400328963995, 0.005212332587689161, 0.005650661885738373, 0.006088991649448872, 0.006527320947498083, 0.006965650245547295, 0.007403980009257793, 0.007842309772968292, 0.008280638605356216, 0.008718968369066715, 0.00915729720145464, 0.009595626965165138, 0.010033955797553062, 0.010472285561263561, 0.01091061532497406, 0.011348944157361984, 0.011787273921072483]}, "gradients/module.conv3.weight": {"_type": "histogram", "values": [2.0, 1.0, 2.0, 0.0, 4.0, 6.0, 5.0, 12.0, 12.0, 29.0, 19.0, 22.0, 30.0, 34.0, 52.0, 52.0, 73.0, 87.0, 107.0, 96.0, 168.0, 188.0, 256.0, 345.0, 496.0, 633.0, 844.0, 1221.0, 1774.0, 2714.0, 3903.0, 6483.0, 28604.0, 16303.0, 4190.0, 1899.0, 1005.0, 639.0, 424.0, 266.0, 165.0, 103.0, 80.0, 78.0, 59.0, 42.0, 36.0, 40.0, 23.0, 12.0, 16.0, 12.0, 9.0, 14.0, 14.0, 5.0, 7.0, 5.0, 2.0, 1.0, 2.0, 0.0, 0.0, 3.0], "bins": [-0.028042510151863098, -0.027190575376152992, -0.026338640600442886, -0.02548670582473278, -0.024634771049022675, -0.02378283627331257, -0.022930901497602463, -0.022078968584537506, -0.02122703194618225, -0.020375097170472145, -0.01952316239476204, -0.018671227619051933, -0.017819292843341827, -0.01696735806763172, -0.016115423291921616, -0.015263489447534084, -0.014411555603146553, -0.013559620827436447, -0.012707686051726341, -0.011855751276016235, -0.01100381650030613, -0.010151881724596024, -0.009299947880208492, -0.008448013104498386, -0.0075960783287882805, -0.006744143553078175, -0.005892208777368069, -0.00504027446731925, -0.004188339691609144, -0.0033364049158990383, -0.0024844706058502197, -0.0016325358301401138, -0.0007806010544300079, 7.133360486477613e-05, 0.0009232682641595602, 0.0017752028070390224, 0.0026271375827491283, 0.0034790723584592342, 0.004331006668508053, 0.005182941444218159, 0.006034876219928265, 0.0068868109956383705, 0.007738745771348476, 0.008590679615736008, 0.009442614391446114, 0.01029454916715622, 0.011146483942866325, 0.011998418718576431, 0.012850353494286537, 0.013702288269996643, 0.014554223045706749, 0.015406157821416855, 0.01625809259712696, 0.017110027372837067, 0.017961960285902023, 0.01881389692425728, 0.019665829837322235, 0.02051776461303234, 0.021369699388742447, 0.022221634164452553, 0.02307356894016266, 0.023925503715872765, 0.02477743849158287, 0.025629371404647827, 0.026481308043003082]}, "gradients/module.conv2.bias": {"_type": "histogram",