{"epoch": 1, "Train loss": 1.9019073247909546, "Train acc": 35.9765625, "_timestamp": 1681793078.9334707, "_runtime": 55.04432678222656, "_step": 3, "Valid loss": 1.1543419361114502, "Valid acc": 71.76339285714286, "Valid fig": {"_type": "image-file", "sha256": "c7811cbf37ada6f2f1847bafdbc720a19b0ef8f530a8f12055d178377c891ef7", "size": 1086496, "path": "media/images/Valid fig_3_c7811cbf37ada6f2f184.png", "format": "png", "width": 1200, "height": 2000}, "_wandb": {"runtime": 61}}