{"epoch": 3, "Train loss": 0.0840691551566124, "Train acc": 97.3046875, "_timestamp": 1681803278.6310503, "_runtime": 189.46789240837097, "_step": 14}