{"Train_Loss": 0.9239686459302903, "Train_Accuracy": 0.7046875, "_timestamp": 1681551555.4500449, "_runtime": 398.2881808280945, "_step": 130}