{"Train_Loss": 2.716056203842163, "Train_Accuracy": 0.19453125, "_timestamp": 1681543441.2183542, "_runtime": 33.884162187576294, "_step": 11, "[Val] acc": 0.1529100529100529, "loss": 2.721721887588501, "_wandb": {"runtime": 33}}