{"epoch": 10, "Train loss": 0.011554042808711529, "Train acc": 99.43359375, "_timestamp": 1681827405.7559047, "_runtime": 752.5218186378479, "_step": 39, "Valid loss": 0.08445513993501663, "Valid acc": 96.6796875, "Valid fig": {"_type": "image-file", "sha256": "045c41e64b583eeda703924d236baff513099ccd0da8fc95fe2b308c5f6b9f6f", "size": 1035719, "path": "media/images/Valid fig_39_045c41e64b583eeda703.png", "format": "png", "width": 1200, "height": 2000}, "_wandb": {"runtime": 751}}