{"epoch": 25, "Train loss": 9.62975827860646e-05, "Train acc": 100.0, "_timestamp": 1681830781.5759106, "_runtime": 2218.7728536129, "_step": 99, "Valid loss": 0.13399815559387207, "Valid acc": 97.12611607142857, "Valid fig": {"_type": "image-file", "sha256": "ffa59c097e84afc431083712f1323aa249833dd11be7eb857252a98c87bbecbf", "size": 1122391, "path": "media/images/Valid fig_99_ffa59c097e84afc43108.png", "format": "png", "width": 1200, "height": 2000}, "_wandb": {"runtime": 2217}}