{"epoch": 25, "Train loss": 5.6352564570261165e-05, "Train acc": 100.0, "_timestamp": 1681830374.4528306, "_runtime": 2191.493539571762, "_step": 99, "Valid loss": 0.15517400205135345, "Valid acc": 97.43303571428571, "Valid fig": {"_type": "image-file", "sha256": "c933a91c1259963f2208b964f0be16e97f65ca10d783cc1f1d8be7d93a49b4c4", "size": 1056629, "path": "media/images/Valid fig_99_c933a91c1259963f2208.png", "format": "png", "width": 1200, "height": 2000}, "_wandb": {"runtime": 2190}}