{"Train_Loss": 0.5899341613054275, "Train_Accuracy": 0.7953125, "_timestamp": 1681551695.976079, "_runtime": 1463.9482309818268, "_step": 599, "[Val] acc": 0.5621693121693122, "loss": 0.8951735893885294, "gradients/module.fc.bias": {"_type": "histogram", "values": [1.0, 0.0, 0.0, 0.0, 0.0, 0.0, 0.0, 1.0, 0.0, 0.0, 0.0, 0.0, 0.0, 0.0, 0.0, 0.0, 0.0, 0.0, 0.0, 1.0, 0.0, 0.0, 0.0, 0.0, 0.0, 0.0, 0.0, 0.0, 0.0, 1.0, 0.0, 2.0, 1.0, 0.0, 0.0, 2.0, 1.0, 0.0, 1.0, 2.0, 1.0, 0.0, 0.0, 0.0, 0.0, 0.0, 0.0, 2.0, 0.0, 0.0, 0.0, 0.0, 0.0, 1.0, 0.0, 0.0, 0.0, 0.0, 0.0, 0.0, 0.0, 0.0, 0.0, 1.0], "bins": [-0.03270783647894859, -0.031770896166563034, -0.030833959579467773, -0.029897021129727364, -0.028960082679986954, -0.028023144230246544, -0.027086205780506134, -0.026149267330765724, -0.025212328881025314, -0.024275390431284904, -0.023338451981544495, -0.022401513531804085, -0.021464575082063675, -0.020527636632323265, -0.019590698182582855, -0.018653759732842445, -0.017716821283102036, -0.016779882833361626, -0.015842944383621216, -0.014906005933880806, -0.013969067484140396, -0.013032129034399986, -0.012095190584659576, -0.011158252134919167, -0.010221311822533607, -0.009284373372793198, -0.008347434923052788, -0.007410496473312378, -0.006473558023571968, -0.005536619108170271, -0.004599680658429861, -0.0036627422086894512, -0.0027258042246103287, -0.0017888657748699188, -0.0008519272087141871, 8.501135744154453e-05, 0.0010219498071819544, 0.001958888489753008, 0.0028958269394934177, 0.0038327653892338276, 0.0047697038389742374, 0.005706642288714647, 0.006643580738455057, 0.007580519653856754, 0.008517458103597164, 0.009454396553337574, 0.010391335003077984, 0.011328273452818394, 0.012265211902558804, 0.013202150352299213, 0.014139088802039623, 0.015076027251780033, 0.016012966632843018, 0.016949905082583427, 0.017886843532323837, 0.018823781982064247, 0.019760720431804657, 0.020697658881545067, 0.021634597331285477, 0.022571535781025887, 0.023508474230766296, 0.024445412680506706, 0.025382351130247116, 0.026319289579987526, 0.027256228029727936]}, "gradients/module.fc.weight": {"_type": "histogram", "values": [1.0, 0.0, 1.0, 0.0, 2.0, 1.0, 0.0, 4.0, 4.0, 4.0, 5.0, 3.0, 7.0, 7.0, 7.0, 11.0, 18.0, 28.0, 33.0, 36.0, 43.0, 55.0, 65.0, 92.0, 116.0, 121.0, 158.0, 184.0, 201.0, 192.0, 237.0, 311.0, 456.0, 783.0, 2497.0, 889.0, 614.0, 430.0, 327.0, 256.0, 205.0, 154.0, 120.0, 98.0, 95.0, 78.0, 62.0, 47.0, 37.0, 24.0, 23.0, 16.0, 19.0, 13.0, 7.0, 5.0, 5.0, 2.0, 3.0, 2.0, 1.0, 0.0, 0.0, 1.0], "bins": [-0.1223006471991539, -0.11874711513519287, -0.11519357562065125, -0.11164004355669022, -0.10808650404214859, -0.10453297197818756, -0.10097943246364594, -0.0974259003996849, -0.09387236833572388, -0.09031883627176285, -0.08676529675722122, -0.08321176469326019, -0.07965822517871857, -0.07610469311475754, -0.07255116105079651, -0.06899762153625488, -0.06544408202171326, -0.06189054623246193, -0.0583370104432106, -0.05478347837924957, -0.05122993886470795, -0.04767640680074692, -0.04412287101149559, -0.04056933522224426, -0.037015799432992935, -0.03346226364374161, -0.02990872785449028, -0.026355193927884102, -0.022801658138632774, -0.019248122349381447, -0.01569458842277527, -0.012141052633523941, -0.00858752429485321, -0.00503398897126317, -0.00148045364767313, 0.002073081210255623, 0.00562661699950695, 0.009180152788758278, 0.012733686715364456, 0.016287222504615784, 0.01984075829386711, 0.02339429408311844, 0.026947829872369766, 0.030501363798975945, 0.03405489772558212, 0.03760843724012375, 0.04116196930408478, 0.044715505093336105, 0.04826904088258743, 0.05182257667183876, 0.05537611246109009, 0.05892964452505112, 0.06248318403959274, 0.06603671610355377, 0.0695902556180954, 0.07314378768205643, 0.07669731974601746, 0.08025085180997849, 0.08380439132452011, 0.08735792338848114, 0.09091146290302277, 0.0944649949669838, 0.09801852703094482, 0.10157206654548645, 0.10512560606002808]}, "_wandb": {"runtime": 1464}}