{"epoch": 10, "Train loss": 0.009398242458701134, "Train acc": 99.5703125, "_timestamp": 1681808403.777567, "_runtime": 915.9228708744049, "_step": 39, "Valid loss": 0.15845176577568054, "Valid acc": 95.42410714285714, "Valid fig": {"_type": "image-file", "sha256": "b6b07f53ae39eaf6171fb95fbe5f652931ed66db387f945a7f804a7cde038f1c", "size": 1072529, "path": "media/images/Valid fig_39_b6b07f53ae39eaf6171f.png", "format": "png", "width": 1200, "height": 2000}, "_wandb": {"runtime": 915}}