{"epoch": 25, "Train loss": 9.112350380746648e-05, "Train acc": 100.0, "_timestamp": 1681810457.1027775, "_runtime": 1503.6654493808746, "_step": 99, "Valid loss": 0.13317395746707916, "Valid acc": 97.90736607142857, "Valid fig": {"_type": "image-file", "sha256": "747fda1f993be3ced231529e89aff630fe164e490956587c338c6b364ce60ade", "size": 1083707, "path": "media/images/Valid fig_99_747fda1f993be3ced231.png", "format": "png", "width": 1200, "height": 2000}, "_wandb": {"runtime": 1502}}