{"epoch": 10, "Train loss": 0.00861409679055214, "Train acc": 99.6484375, "_timestamp": 1681806745.4741468, "_runtime": 920.0334718227386, "_step": 39, "Valid loss": 0.21704229712486267, "Valid acc": 95.36830357142857, "Valid fig": {"_type": "image-file", "sha256": "e61d125300c584a2824cdb669abf20d0d8fbdc3ea9a0c62ded318a136a7c5d9a", "size": 1072514, "path": "media/images/Valid fig_39_e61d125300c584a2824c.png", "format": "png", "width": 1200, "height": 2000}, "_wandb": {"runtime": 919}}